nad,weaksubj,negative
socializ,weaksubj,negative

abandon,strongsubj,negative

aberr,strongsubj,negative

abiert,weaksubj,positive

abland,strongsubj,negative

abomin,strongsubj,negative

aborrec,strongsubj,negative

abrum,strongsubj,negative

abrum,weaksubj,negative

abrupt,weaksubj,negative

absurd,strongsubj,negative

abuche,strongsubj,negative

aburr,strongsubj,negative

abus,strongsubj,negative

acat,strongsubj,positive

acces,strongsubj,positive

acept,weaksubj,positive

aclar,strongsubj,positive

acos,weaksubj,negative

activ,weaksubj,positive

acus,strongsubj,negative

adapt,weaksubj,positive

adecu,weaksubj,positive

adict,weaksubj,negative

admir,strongsubj,positive

ador,strongsubj,positive

adul,strongsubj,positive

adversari,strongsubj,negative

advertent,weaksubj,negative

afect,strongsubj,positive

afin,weaksubj,positive

aflig,weaksubj,negative

afortun,strongsubj,positive

agil,weaksubj,positive

agon,strongsubj,negative

agot,strongsubj,negative

agraci,strongsubj,positive

agrad,strongsubj,positive

agradec,strongsubj,positive

agresion,strongsubj,negative

agres,strongsubj,negative

agresor,strongsubj,negative

agri,weaksubj,negative

aguafiest,strongsubj,negative

aleg,strongsubj,negative

alegr,strongsubj,positive

alient,strongsubj,positive

alfabetiz,weaksubj,positive

alivi,strongsubj,positive

altruist,strongsubj,positive

amabil,strongsubj,positive

amabl,strongsubj,positive

amabl,weaksubj,positive

amad,strongsubj,positive

amarg,strongsubj,negative

ambici,weaksubj,positive

ambigu,strongsubj,negative

amen,strongsubj,positive

amenaz,weaksubj,negative

amen,weaksubj,positive

amig,strongsubj,positive

amist,weaksubj,positive

amor,strongsubj,positive

andraj,strongsubj,negative

angel,weaksubj,positive

angusti,strongsubj,negative

anhel,strongsubj,positive

anim,strongsubj,positive

aniquil,strongsubj,negative

ansi,strongsubj,positive

anticu,weaksubj,negative

apasion,strongsubj,positive

apat,strongsubj,negative

apen,strongsubj,negative

aplast,weaksubj,negative

aplaud,strongsubj,positive

aplaz,strongsubj,negative

aport,strongsubj,positive

apreci,strongsubj,positive

aprend,strongsubj,positive

aprendizaj,weaksubj,positive

aprob,weaksubj,positive

apropi,weaksubj,positive

apto,weaksubj,positive

ardu,strongsubj,negative

argument,weaksubj,negative

arrebat,strongsubj,negative

arregl,weaksubj,positive

arrepent,strongsubj,negative

arrib,weaksubj,positive

arriesg,weaksubj,negative

arrog,strongsubj,negative

articul,strongsubj,positive

artificial,weaksubj,negative

asalt,weaksubj,negative

asco,strongsubj,negative

asech,strongsubj,negative

asegur,strongsubj,positive

asegur,weaksubj,negative

asesor,strongsubj,positive

asist,strongsubj,positive

asombr,strongsubj,positive

aspir,strongsubj,positive

asquer,strongsubj,negative

astut,strongsubj,positive

atent,strongsubj,positive

atorment,strongsubj,negative

atorment,weaksubj,positive

atraccion,strongsubj,positive

atract,strongsubj,positive

atras,strongsubj,negative

atrev,strongsubj,positive

atropell,strongsubj,negative

atroz,strongsubj,negative

aturd,weaksubj,negative

audaz,strongsubj,positive

ausent,weaksubj,negative

autodestruct,strongsubj,negative

autonom,weaksubj,positive

autoritari,weaksubj,positive

autosuficient,weaksubj,positive

avanz,weaksubj,positive

avarici,strongsubj,negative

avar,strongsubj,negative

aventurer,strongsubj,positive

avergonz,strongsubj,negative

ayud,strongsubj,positive

babos,weaksubj,negative

baj,weaksubj,negative

banal,strongsubj,negative

barbar,strongsubj,negative

bastard,strongsubj,negative

basur,strongsubj,negative

bell,strongsubj,positive

benefici,weaksubj,positive

benevolent,strongsubj,positive

benevol,strongsubj,positive

benign,weaksubj,positive

berrinch,strongsubj,negative

besti,strongsubj,negative

bien,weaksubj,positive

bienest,strongsubj,positive

bipol,strongsubj,negative

blasfemi,strongsubj,negative

bob,strongsubj,negative

boicot,weaksubj,negative

bond,strongsubj,positive

bondad,strongsubj,positive

bonit,strongsubj,positive

borrach,strongsubj,negative

bostez,strongsubj,negative

bribon,strongsubj,negative

brillant,strongsubj,positive

brind,strongsubj,positive

brom,strongsubj,negative

brusc,weaksubj,negative

brutal,strongsubj,negative

brut,strongsubj,negative

buen,weaksubj,positive

buen,strongsubj,positive

burl,strongsubj,negative

caballer,strongsubj,positive

calam,strongsubj,negative

calid,strongsubj,positive

calific,weaksubj,positive

calm,weaksubj,positive

calumni,strongsubj,negative

camar,strongsubj,positive

campeon,weaksubj,positive

canall,strongsubj,negative

cans,strongsubj,negative

caos,strongsubj,negative

caotic,strongsubj,negative

capac,weaksubj,positive

capaz,weaksubj,positive

caprich,strongsubj,negative

carent,strongsubj,negative

carg,strongsubj,negative

cari�,strongsubj,positive

carism,strongsubj,negative

castig,strongsubj,negative

catastrof,strongsubj,negative

cautel,strongsubj,negative

cautiv,strongsubj,positive

ced,strongsubj,positive

censur,strongsubj,negative

centr,strongsubj,positive

chantaj,weaksubj,negative

chifl,strongsubj,negative

chismos,strongsubj,negative

chocant,strongsubj,negative

cinic,strongsubj,negative

clar,strongsubj,positive

clarid,weaksubj,positive

clar,weaksubj,positive

cobard,strongsubj,negative

coherent,weaksubj,positive

cohes,weaksubj,positive

comic,weaksubj,negative

comod,weaksubj,positive

compadec,strongsubj,negative

compasion,strongsubj,positive

compens,weaksubj,positive

competent,strongsubj,positive

competit,weaksubj,positive

complac,strongsubj,negative

complacient,strongsubj,negative

complej,strongsubj,negative

complement,weaksubj,positive

complic,weaksubj,negative

comprend,strongsubj,positive

comprens,strongsubj,positive

compromis,weaksubj,positive

compulsion,strongsubj,negative

compuls,strongsubj,negative

concili,strongsubj,positive

concili,weaksubj,positive

concis,strongsubj,positive

conden,strongsubj,negative

conferent,weaksubj,negative

confes,strongsubj,negative

confesion,strongsubj,negative

confiabil,strongsubj,positive

confiabl,weaksubj,positive

confianz,strongsubj,positive

confi,weaksubj,positive

confident,strongsubj,positive

configur,strongsubj,negative

conflict,weaksubj,negative

confront,strongsubj,negative

confront,weaksubj,negative

confund,strongsubj,negative

confund,weaksubj,negative

confusion,strongsubj,negative

confus,strongsubj,negative

congel,weaksubj,negative

mism,weaksubj,negative

conmocion,strongsubj,negative

conmovedor,strongsubj,positive

conoc,strongsubj,positive

conquist,weaksubj,positive

conscient,strongsubj,positive

consent,strongsubj,positive

consider,strongsubj,positive

consistent,weaksubj,positive

consol,weaksubj,positive

conspir,weaksubj,negative

constant,strongsubj,positive

constern,strongsubj,negative

construct,weaksubj,positive

consuel,strongsubj,positive

consum,strongsubj,positive

consum,weaksubj,negative

contagi,weaksubj,negative

contamin,strongsubj,negative

contamin,weaksubj,negative

cont,strongsubj,positive

contencion,strongsubj,negative

contenci,strongsubj,negative

contend,strongsubj,negative

conten,weaksubj,positive

content,strongsubj,positive

continu,weaksubj,positive

contorsion,strongsubj,negative

contr,weaksubj,negative

contradec,strongsubj,negative

contradiccion,strongsubj,negative

contradich,strongsubj,negative

contradictori,strongsubj,negative

contraproducent,strongsubj,negative

contrari,strongsubj,negative

contribucion,weaksubj,positive

control,weaksubj,positive

controversi,weaksubj,negative

contusion,weaksubj,negative

convenc,weaksubj,positive

convenient,weaksubj,negative

convenient,weaksubj,positive

convenir ,strongsubj,positive

conviccion,weaksubj,positive

convincent,strongsubj,positive

convulsion,strongsubj,negative

cooper,weaksubj,positive

copi,strongsubj,negative

coquet,strongsubj,negative

cordial,weaksubj,positive

cordur,strongsubj,positive

correct,weaksubj,positive

correg,strongsubj,positive

corrig,strongsubj,positive

corr,weaksubj,negative

corromp,strongsubj,negative

corrupcion,strongsubj,negative

corrupt,strongsubj,negative

cort,weaksubj,negative

cortej,strongsubj,positive

cortes,strongsubj,positive

cortes,weaksubj,positive

cosquille,strongsubj,negative

costos,weaksubj,negative

cotidian,strongsubj,negative

creativ,strongsubj,positive

crecient,strongsubj,positive

credul,strongsubj,negative

creenci,strongsubj,positive

creibl,strongsubj,positive

creyent,strongsubj,positive

crianz,strongsubj,positive

crisis,weaksubj,negative

critic,strongsubj,negative

deb,strongsubj,negative

cronic,weaksubj,negative

cruel,strongsubj,negative

cuestion,strongsubj,negative

cuid,weaksubj,positive

cuidad,weaksubj,positive

culp,strongsubj,negative

culpabl,strongsubj,negative

cumpl,weaksubj,positive

cumpl,strongsubj,positive

curi,strongsubj,positive

curios,strongsubj,positive

cursi,strongsubj,negative

da�,weaksubj,negative

deberi,strongsubj,negative

debil,weaksubj,negative

debil,strongsubj,negative

debilit,weaksubj,negative

decaid,strongsubj,negative

decenci,weaksubj,positive

decent,weaksubj,positive

decepcion,strongsubj,negative

decision,weaksubj,positive

decis,weaksubj,positive

declam,strongsubj,negative

declin,weaksubj,negative

decrec,weaksubj,negative

decrecient,weaksubj,negative

decrement,weaksubj,negative

decrepit,strongsubj,negative

decrepitud,strongsubj,negative

dedic,strongsubj,positive

defect,strongsubj,negative

defectu,strongsubj,negative

defend,strongsubj,positive

defens,strongsubj,positive

defens,strongsubj,negative

defensor,strongsubj,positive

deficient,weaksubj,negative

defin,weaksubj,positive

definit,weaksubj,positive

deform,weaksubj,negative

defraud,strongsubj,negative

degener,strongsubj,negative

degrad,strongsubj,negative

dej,strongsubj,negative

dej,weaksubj,negative

delect,strongsubj,negative

deleit,weaksubj,positive

deleit,strongsubj,positive

delic,weaksubj,positive

delincuent,weaksubj,negative

delir,strongsubj,negative

deliri,strongsubj,positive

delit,weaksubj,negative

demacr,strongsubj,negative

dement,strongsubj,negative

demoniac,strongsubj,negative

demoniz,strongsubj,negative

demuestr,strongsubj,positive

denigr,strongsubj,negative

deplor,strongsubj,negative

deprav,strongsubj,negative

depred,weaksubj,negative

depresion,weaksubj,negative

depriment,strongsubj,negative

deprim,strongsubj,negative

derech,weaksubj,positive

derrib,weaksubj,negative

desacredit,strongsubj,negative

desacuerd,strongsubj,negative

desafect,strongsubj,negative

desafi,strongsubj,negative

desafortun,strongsubj,negative

desagrad,strongsubj,negative

desagradec,strongsubj,negative

desagr,strongsubj,negative

desahog,strongsubj,positive

desair,strongsubj,negative

desalent,strongsubj,negative

desalient,strongsubj,negative

desalm,strongsubj,negative

desampar,strongsubj,negative

desanim,strongsubj,negative

desaparec,weaksubj,negative

desaprens,strongsubj,negative

desaprob,strongsubj,negative

desarm,weaksubj,negative

desarraig,weaksubj,negative

desarroll,strongsubj,positive

desasosieg,strongsubj,negative

desastr,strongsubj,negative

desatin,strongsubj,negative

desautoriz,strongsubj,negative

descabell,strongsubj,negative

descans,weaksubj,negative

descar,strongsubj,positive

descar,strongsubj,negative

descompon,weaksubj,negative

descompostur,weaksubj,negative

desconcert,strongsubj,negative

desconcert,weaksubj,negative

desconciert,strongsubj,negative

desconfi,strongsubj,negative

desconoc,strongsubj,negative

desconoc,weaksubj,negative

desconsider,strongsubj,negative

desconsol,strongsubj,negative

desconsuel,strongsubj,negative

descontent,strongsubj,negative

descorazon,strongsubj,negative

descortes,strongsubj,negative

descr,strongsubj,negative

descuid,strongsubj,negative

descu,strongsubj,negative

desde�,strongsubj,negative

deseabl,strongsubj,positive

des,strongsubj,positive

desec,strongsubj,negative

desempen,strongsubj,positive

desempe�,strongsubj,positive

desenfoqu,weaksubj,negative

desenmara�,strongsubj,negative

desense�,strongsubj,negative

desentra�,weaksubj,negative

dese,strongsubj,positive

desercion,strongsubj,negative

deservici,strongsubj,negative

desesper,strongsubj,negative

desestabiliz,strongsubj,negative

desfachatez,strongsubj,negative

desfallec,strongsubj,negative

desfavor,strongsubj,negative

desfavorec,strongsubj,negative

desgast,weaksubj,negative

desgraci,strongsubj,negative

deshac,weaksubj,negative

deshech,weaksubj,negative

deshiz,weaksubj,negative

deshonest,strongsubj,negative

deshonr,strongsubj,negative

deshumaniz,strongsubj,negative

desigual,strongsubj,negative

desiguald,strongsubj,negative

desilusion,strongsubj,negative

desinform,strongsubj,negative

desintegr,weaksubj,negative

desinteres,strongsubj,negative

desinteres,weaksubj,negative

desleal,strongsubj,negative

deslealt,strongsubj,negative

deslumbr,strongsubj,positive

desliz,strongsubj,negative

desluc,strongsubj,negative

deslumbr,strongsubj,negative

deslumbrador,strongsubj,negative

desmay,weaksubj,negative

desment,strongsubj,negative

desmitific,strongsubj,positive

desmoraliz,strongsubj,negative

desmoron,weaksubj,negative

desmot,strongsubj,negative

desobedec,strongsubj,negative

desobedient,strongsubj,negative

desol,strongsubj,negative

desord,strongsubj,negative

desorden,strongsubj,negative

desorden,weaksubj,negative

desorganiz,strongsubj,negative

desorient,strongsubj,negative

despaci,weaksubj,negative

despech,strongsubj,negative

despect,strongsubj,negative

despefect,weaksubj,negative

desperdici,weaksubj,negative

desperfect,weaksubj,negative

despert,strongsubj,positive

despiad,strongsubj,negative

despilfarr,strongsubj,negative

despilfarr,weaksubj,negative

desplaz,weaksubj,negative

despoj,strongsubj,negative

despot,strongsubj,negative

despotric,strongsubj,negative

despreci,strongsubj,negative

despreocup,strongsubj,negative

despreocup,strongsubj,positive

despreven,weaksubj,negative

desproporcion,weaksubj,negative

desprov,strongsubj,negative

destac,strongsubj,negative

destac,weaksubj,positive

destartal,strongsubj,negative

destell,weaksubj,positive

desterr,strongsubj,negative

destierr,strongsubj,negative

destin,weaksubj,positive

destin,strongsubj,positive

destrez,weaksubj,positive

destrip,strongsubj,negative

destruccion,weaksubj,negative

destruct,strongsubj,negative

destructor,strongsubj,negative

destru,weaksubj,negative

desunion,strongsubj,negative

desval,strongsubj,negative

desval,strongsubj,positive

desvanec,weaksubj,negative

desvari,strongsubj,negative

desventaj,strongsubj,negative

desvergonz,strongsubj,negative

desverg�enz,strongsubj,negative

desviacion,strongsubj,negative

desviacion,weaksubj,negative

desv,strongsubj,negative

desvi,weaksubj,negative

deterior,weaksubj,negative

determinacion,strongsubj,positive

determin,strongsubj,positive

detest,strongsubj,negative

detraccion,weaksubj,negative

detr,weaksubj,negative

detriment,strongsubj,negative

devast,weaksubj,negative

devast,strongsubj,negative

devocion,strongsubj,positive

diabl,strongsubj,negative

diablur,strongsubj,negative

diabol,strongsubj,negative

diametral,strongsubj,negative

diatrib,strongsubj,negative

dich,strongsubj,positive

dichos,strongsubj,positive

dictador,weaksubj,negative

dictatorial,weaksubj,negative

didact,strongsubj,positive

diestr,strongsubj,positive

difam,strongsubj,negative

difamatori,strongsubj,negative

dif�cil,strongsubj,negative

diferent,strongsubj,negative

difer,weaksubj,negative

dificil,strongsubj,negative

dificult,strongsubj,negative

difunt,strongsubj,negative

dignid,strongsubj,positive

dignific,weaksubj,positive

dign,strongsubj,positive

dilacion,strongsubj,negative

dilem,weaksubj,negative

diligent,weaksubj,positive

diluvi,weaksubj,negative

diminut,weaksubj,negative

dinam,weaksubj,positive

dinam,strongsubj,positive

diplomat,weaksubj,positive

discapacit,weaksubj,negative

disciplin,strongsubj,positive

discord,strongsubj,negative

discordi,strongsubj,negative

discrecion,weaksubj,positive

discrep,weaksubj,negative

discrep,strongsubj,negative

discret,strongsubj,positive

discret,weaksubj,positive

discrimin,weaksubj,negative

discrimin,weaksubj,positive

discriminatori,strongsubj,negative

discut,weaksubj,negative

discutidor,strongsubj,negative

discut,strongsubj,negative

disension,strongsubj,negative

disfrut,weaksubj,positive

disfrut,strongsubj,positive

disgust,strongsubj,negative

disgust,weaksubj,negative

disident,strongsubj,negative

disimul,strongsubj,negative

disloc,weaksubj,negative

disminu,weaksubj,negative

disparat,strongsubj,negative

dispens,weaksubj,negative

displicent,strongsubj,negative

disponbil,strongsubj,positive

disposicion,strongsubj,positive

dispuest,strongsubj,positive

disput,strongsubj,negative

disrupt,strongsubj,negative

distanci,strongsubj,negative

distincion,weaksubj,positive

distingu,strongsubj,positive

distingu,weaksubj,positive

distint,weaksubj,positive

distorsion,strongsubj,negative

distraccion,strongsubj,negative

distr,weaksubj,negative

distr,strongsubj,negative

distraid,strongsubj,negative

disturbi,strongsubj,negative

disuad,strongsubj,negative

disuad,weaksubj,negative

disuas,strongsubj,negative

disuas,weaksubj,negative

disvalor,strongsubj,negative

divag,strongsubj,negative

divergent,weaksubj,negative

diversific,weaksubj,positive

diversion,strongsubj,negative

diversion,strongsubj,positive

divert,strongsubj,positive

divid,weaksubj,negative

divin,strongsubj,positive

divis,strongsubj,negative

division,weaksubj,negative

division,strongsubj,negative

divorci,weaksubj,negative

dobl,weaksubj,negative

docil,strongsubj,positive

dol,strongsubj,negative

dolient,strongsubj,negative

dolor,strongsubj,negative

domin,strongsubj,positive

domin,strongsubj,negative

domin,weaksubj,negative

domini,weaksubj,positive

dram,strongsubj,negative

drastic,strongsubj,negative

drog,weaksubj,negative

dud,strongsubj,negative

duel,strongsubj,negative

dulc,weaksubj,positive

dulcement,weaksubj,positive

dulzur,weaksubj,positive

durabil,weaksubj,positive

durabl,weaksubj,positive

durader,strongsubj,positive

educ,weaksubj,positive

educ,strongsubj,positive

efect,strongsubj,positive

eficaci,weaksubj,positive

eficaz,weaksubj,positive

eficient,weaksubj,positive

eficient,strongsubj,positive

efusion,strongsubj,positive

efus,strongsubj,positive

ego,strongsubj,negative

egocentr,strongsubj,negative

egoism,strongsubj,negative

egoist,strongsubj,negative

egolatr,strongsubj,negative

egoman,strongsubj,negative

egot,strongsubj,negative

ejempl,strongsubj,positive

ejemplif,strongsubj,positive

ejemplific,strongsubj,positive

eleg,strongsubj,positive

eleg,weaksubj,positive

elev,strongsubj,positive

elev,weaksubj,positive

elimin,weaksubj,negative

elimin,strongsubj,negative

elit,weaksubj,positive

elit,strongsubj,negative

elocuent,strongsubj,positive

elogi,strongsubj,positive

elud,strongsubj,negative

emancip,weaksubj,positive

embaraz,strongsubj,negative

embat,weaksubj,negative

embeles,strongsubj,positive

embellec,strongsubj,positive

embest,strongsubj,negative

embosc,weaksubj,negative

embot,strongsubj,negative

embroll,strongsubj,negative

embroll,weaksubj,negative

embrom,weaksubj,negative

embrutecedor,strongsubj,negative

embrutec,strongsubj,negative

embuster,strongsubj,negative

eminent,strongsubj,positive

emocion,strongsubj,positive

emocional,strongsubj,negative

empalag,strongsubj,negative

empa�,weaksubj,negative

empat,strongsubj,negative

empatiz,strongsubj,negative

empe�,strongsubj,positive

empeor,strongsubj,negative

empeque�ec,strongsubj,negative

empin,weaksubj,negative

empoder,weaksubj,positive

emprendedor,weaksubj,positive

en pedaz,strongsubj,negative

enajen,weaksubj,negative

enan,strongsubj,negative

encant,strongsubj,positive

encantador,strongsubj,positive

encapot,strongsubj,negative

encoj,strongsubj,negative

encomi,strongsubj,positive

endos,strongsubj,positive

endulz,strongsubj,negative

endulz,weaksubj,positive

enemig,strongsubj,negative

enemig,weaksubj,negative

enemist,strongsubj,negative

energet,weaksubj,positive

energ,weaksubj,positive

energiz,weaksubj,positive

enerv,strongsubj,negative

enfad,strongsubj,negative

enfat,strongsubj,negative

enferm,weaksubj,negative

enfermed,weaksubj,negative

enfermiz,strongsubj,negative

enferm,strongsubj,negative

enfriamient,weaksubj,positive

enfurec,strongsubj,negative

enga�,strongsubj,negative

engatus,strongsubj,negative

engatus,strongsubj,positive

engreid,strongsubj,negative

engreimient,strongsubj,negative

enjuici,strongsubj,negative

enloquecedor,strongsubj,negative

enloquec,strongsubj,negative

ennoblec,strongsubj,positive

enoj,strongsubj,negative

enorm,strongsubj,negative

enred,weaksubj,negative

enred,strongsubj,negative

enriquec,weaksubj,positive

ensalz,strongsubj,positive

ensay,weaksubj,negative

ense�,strongsubj,positive

ensordecedor,strongsubj,negative

ensuci,strongsubj,negative

ensue�,strongsubj,positive

entend,strongsubj,positive

entiend,strongsubj,positive

entramp,strongsubj,negative

entra�,strongsubj,positive

entreg,weaksubj,positive

entreten,weaksubj,positive

entreten,strongsubj,positive

entristec,strongsubj,negative

entromet,strongsubj,negative

entumec,weaksubj,negative

entusiasm,strongsubj,positive

entusiast,strongsubj,positive

envalenton,weaksubj,positive

envidi,strongsubj,negative

envidi,strongsubj,positive

equilibr,weaksubj,positive

equilibri,strongsubj,positive

equit,weaksubj,positive

equivoc,strongsubj,negative

equivoc,weaksubj,negative

erosion,weaksubj,negative

erradic,weaksubj,negative

errant,weaksubj,negative

errar,strongsubj,negative

errat,strongsubj,negative

erron,strongsubj,negative

errone,strongsubj,negative

error,strongsubj,negative

error,weaksubj,negative

erudit,strongsubj,positive

erupcion,strongsubj,negative

esbelt,weaksubj,positive

escalofri,strongsubj,negative

escalofri,weaksubj,negative

escalon,weaksubj,negative

escam,weaksubj,negative

escandaliz,strongsubj,negative

escandal,strongsubj,negative

escandal,weaksubj,negative

escapatori,strongsubj,negative

escap,weaksubj,negative

escas,weaksubj,positive

escasez,weaksubj,negative

escas,weaksubj,negative

escen,weaksubj,positive

escept,strongsubj,negative

esceptic,strongsubj,negative

esclavitud,strongsubj,negative

esclaviz,strongsubj,negative

esclav,strongsubj,negative

escond,strongsubj,negative

escori,strongsubj,negative

escozor,strongsubj,negative

escrupul,strongsubj,positive

escuchimiz,strongsubj,negative

escud,weaksubj,positive

esencial,weaksubj,positive

esforz,strongsubj,positive

esfuerz,weaksubj,positive

esfuerz,weaksubj,negative

esmer,strongsubj,positive

esoter,weaksubj,negative

espaci,weaksubj,positive

espald,weaksubj,positive

espaldaraz,strongsubj,positive

espant,strongsubj,negative

especial,weaksubj,positive

especial,strongsubj,positive

espectacul,strongsubj,positive

espectacular,strongsubj,positive

espectacul,strongsubj,negative

espej,strongsubj,negative

espeluzn,strongsubj,positive

espi,strongsubj,negative

espin,strongsubj,negative

espiritu,weaksubj,positive

espiritual,strongsubj,positive

esplendid,strongsubj,positive

esplend,strongsubj,positive

esplendor,strongsubj,positive

espolon,strongsubj,positive

esporad,weaksubj,negative

espum,weaksubj,positive

espuri,strongsubj,negative

esquelet,strongsubj,negative

esquem,weaksubj,negative

esquiv,strongsubj,positive

estabil,weaksubj,positive

estabiliz,weaksubj,positive

establ,weaksubj,positive

establec,weaksubj,positive

estac,weaksubj,negative

estac,strongsubj,negative

estaf,strongsubj,negative

estamp,weaksubj,negative

estanc,weaksubj,negative

estanc,strongsubj,negative

estant,strongsubj,negative

estar,weaksubj,positive

acech,strongsubj,negative

estat,weaksubj,negative

estatuari,strongsubj,positive

estel,strongsubj,positive

estereotip,strongsubj,negative

esteril,strongsubj,negative

estigm,strongsubj,negative

estigmatiz,strongsubj,negative

estim,strongsubj,positive

estimul,strongsubj,positive

estimul,weaksubj,positive

estof,strongsubj,negative

estol,weaksubj,negative

estrangul,weaksubj,negative

estrech,weaksubj,negative

estreg,strongsubj,positive

estrell,strongsubj,positive

estres,strongsubj,negative

estrict,strongsubj,negative

estrident,strongsubj,negative

estrop,strongsubj,negative

estruend,weaksubj,negative

estruend,strongsubj,negative

estudi,strongsubj,positive

estupefact,strongsubj,negative

estupend,strongsubj,positive

estupid,strongsubj,negative

estupidez,strongsubj,negative

estup,strongsubj,negative

estupor,strongsubj,negative

etern,strongsubj,positive

etic,strongsubj,positive

eufori,strongsubj,positive

eufor,strongsubj,positive

evad,weaksubj,negative

evasion,weaksubj,negative

evas,weaksubj,negative

evident,weaksubj,positive

evident,strongsubj,positive

evit,weaksubj,negative

evit,strongsubj,negative

evoc,strongsubj,positive

exacerb,strongsubj,negative

exact,weaksubj,positive

exager,strongsubj,negative

exalt,strongsubj,negative

exalt,strongsubj,positive

exasper,strongsubj,negative

exced,strongsubj,positive

excelent,strongsubj,positive

excentr,weaksubj,negative

excentr,strongsubj,negative

excepcional,strongsubj,positive

exces,strongsubj,negative

exclam,strongsubj,negative

exclu,weaksubj,negative

exclusion,weaksubj,negative

exclus,weaksubj,positive

excori,strongsubj,negative

excus,weaksubj,negative

excus,strongsubj,positive

execr,strongsubj,negative

exelent,strongsubj,positive

exhaust,weaksubj,positive

exhort,strongsubj,negative

exig,strongsubj,positive

exigent,strongsubj,negative

exigu,strongsubj,negative

exili,weaksubj,negative

exit,weaksubj,positive

exoner,strongsubj,positive

exorbitantanc,strongsubj,negative

exorbit,strongsubj,negative

expans,strongsubj,positive

experiment,weaksubj,positive

expert,weaksubj,positive

expert,strongsubj,positive

explicit,weaksubj,positive

practic,weaksubj,positive

explosion,strongsubj,negative

explosion,weaksubj,negative

explos,weaksubj,negative

explot,strongsubj,negative

explot,weaksubj,negative

expres,strongsubj,positive

expres,weaksubj,positive

exprimidor,strongsubj,negative

expropi,weaksubj,negative

expuest,weaksubj,negative

expuls,weaksubj,negative

expurg,strongsubj,negative

exquisit,strongsubj,positive

extasi,weaksubj,positive

extasi,weaksubj,negative

extasis,strongsubj,positive

extat,strongsubj,positive

extend,weaksubj,negative

extermin,strongsubj,negative

extermini,strongsubj,negative

extingu,weaksubj,negative

extorsion,strongsubj,negative

extorsion,weaksubj,negative

extralimit,weaksubj,negative

extra�,strongsubj,negative

extra�,weaksubj,negative

extraordinari,strongsubj,positive

extravag,strongsubj,negative

extravi,strongsubj,negative

extrem,strongsubj,negative

extrem,weaksubj,negative

extrovert,weaksubj,positive

exuber,strongsubj,positive

exult,strongsubj,positive

fabul,strongsubj,positive

facil,strongsubj,positive

facin,strongsubj,positive

factibl,weaksubj,positive

falaci,strongsubj,negative

falaz,strongsubj,negative

fall,weaksubj,negative

fallec,strongsubj,negative

falt,strongsubj,negative

fanfarron,strongsubj,negative

fantas,strongsubj,positive

fantast,strongsubj,positive

fars,strongsubj,negative

fascin,strongsubj,positive

fascist,strongsubj,negative

fastidi,strongsubj,negative

fastuos,strongsubj,negative

fatal,weaksubj,negative

fatal,strongsubj,negative

fatalist,strongsubj,negative

fatid,strongsubj,negative

fatig,weaksubj,negative

fatig,strongsubj,negative

favor,strongsubj,positive

favorec,strongsubj,positive

favorit,strongsubj,positive

favorit,strongsubj,negative

feald,strongsubj,negative

fecund,weaksubj,positive

felic,strongsubj,positive

felicit,strongsubj,positive

feliz,strongsubj,positive

felp,strongsubj,positive

fenomenal,strongsubj,positive

feo,strongsubj,negative

feroc,strongsubj,negative

feroz,strongsubj,negative

fertil,strongsubj,negative

fervient,strongsubj,positive

fervor,strongsubj,positive

festiv,strongsubj,positive

fet,strongsubj,negative

fiabl,weaksubj,positive

fiasc,strongsubj,negative

ficcion,weaksubj,negative

fictici,strongsubj,negative

fictici,weaksubj,negative

fidel,strongsubj,positive

fielment,strongsubj,positive

fin,strongsubj,positive

fing,strongsubj,negative

firm,strongsubj,negative

firm,strongsubj,positive

firmement,strongsubj,positive

firmez,strongsubj,positive

firmez,weaksubj,positive

flagrant,strongsubj,negative

floj,weaksubj,negative

flor,weaksubj,positive

floracion,weaksubj,positive

flu,weaksubj,positive

fobi,strongsubj,negative

fobic,strongsubj,negative

foment,strongsubj,positive

foraster,weaksubj,negative

forceje,strongsubj,negative

forj,weaksubj,negative

fortuit,strongsubj,positive

fortun,strongsubj,positive

fracas,strongsubj,negative

fragant,strongsubj,positive

fragil,weaksubj,negative

fragment,weaksubj,negative

franc,strongsubj,positive

franquez,weaksubj,positive

fraternal,weaksubj,positive

fraterniz,strongsubj,positive

fraudulent,weaksubj,negative

frenet,strongsubj,negative

fresc,weaksubj,positive

friament,strongsubj,negative

friccion,strongsubj,negative

fri,weaksubj,negative

frivol,strongsubj,positive

frivol,strongsubj,negative

frotis,weaksubj,negative

fructuos,weaksubj,positive

frust,strongsubj,negative

frustracion,strongsubj,negative

frustr,strongsubj,negative

frustrant,strongsubj,negative

fuert,strongsubj,positive

fuert,weaksubj,positive

pesim,strongsubj,negative

fug,weaksubj,negative

fug,strongsubj,negative

fugaz,weaksubj,negative

fugit,weaksubj,negative

fulmin,strongsubj,negative

funcional,weaksubj,positive

fundamental,weaksubj,negative

furi,strongsubj,negative

furios,strongsubj,negative

furios,weaksubj,negative

furor,strongsubj,negative

furtiv,weaksubj,negative

fustig,strongsubj,negative

galant,strongsubj,positive

ganabl,strongsubj,positive

ganador,strongsubj,positive

gananci,weaksubj,positive

gan,strongsubj,positive

nunc,weaksubj,negative

gang,strongsubj,positive

garant,weaksubj,positive

gener,strongsubj,positive

genial,weaksubj,positive

genial,strongsubj,positive

geni,strongsubj,negative

genocidi,strongsubj,negative

genuin,weaksubj,positive

glori,strongsubj,positive

glorific,strongsubj,positive

glorios,strongsubj,positive

golp,weaksubj,negative

gord,weaksubj,negative

goz,strongsubj,positive

graci,strongsubj,positive

graci,weaksubj,negative

gracios,strongsubj,positive

gracios,weaksubj,negative

grafic,strongsubj,negative

grand,weaksubj,positive

grandez,strongsubj,positive

grandios,strongsubj,negative

grappl,weaksubj,negative

gratif,strongsubj,positive

gratific,strongsubj,positive

gratitud,strongsubj,negative

gratitud,strongsubj,positive

gratuit,strongsubj,negative

gratuit,weaksubj,positive

grav,strongsubj,negative

gravement,strongsubj,negative

ayud,weaksubj,negative

pobr,weaksubj,negative

grial,weaksubj,positive

groser,strongsubj,negative

gust,strongsubj,positive

gustari,strongsubj,positive

gust,weaksubj,positive

gustos,strongsubj,positive

gutsy,strongsubj,positive

habil,strongsubj,positive

habil,weaksubj,positive

habilit,weaksubj,positive

hart,weaksubj,negative

hermos,strongsubj,positive

hermosur,weaksubj,positive

hostil,strongsubj,negative

huir,strongsubj,negative

improvis,strongsubj,negative

humild,strongsubj,negative

humill,strongsubj,negative

humor,strongsubj,positive

ideal,strongsubj,positive

ide,strongsubj,negative

imparcial,strongsubj,negative

impart,strongsubj,positive

implac,strongsubj,negative

implaus,strongsubj,negative

imprudent,strongsubj,negative

impudenc,strongsubj,negative

inacept,strongsubj,negative

inadapt,strongsubj,negative

inadvert,weaksubj,negative

inadvis,weaksubj,negative

inaguant,strongsubj,negative

inaptitud,strongsubj,negative

inarticulat,strongsubj,negative

inatac,strongsubj,positive

inautent,weaksubj,negative

incalcul,strongsubj,positive

incandescent,strongsubj,positive

incap,strongsubj,negative

incapacit,strongsubj,negative

incapaz,weaksubj,negative

incautious,strongsubj,negative

incaut,strongsubj,negative

inciert,weaksubj,negative

incisiv,strongsubj,positive

incit,strongsubj,negative

inclusiv,weaksubj,positive

inclus,weaksubj,positive

incobr,weaksubj,negative

incomod,strongsubj,negative

incompat,weaksubj,negative

incomplet,weaksubj,negative

incomprehens,strongsubj,negative

incomprehension,strongsubj,negative

incomprend,strongsubj,negative

inconceb,strongsubj,negative

inconclusiv,weaksubj,negative

inconclus,weaksubj,negative

incondicional,strongsubj,negative

incondicional,weaksubj,positive

incondicional,strongsubj,positive

inconsiderat,strongsubj,negative

inconsistenc,strongsubj,negative

inconst,strongsubj,negative

inconstitucional,weaksubj,negative

incontest,strongsubj,positive

incontrovert,strongsubj,positive

inconvenienc,strongsubj,negative

inconvenient,strongsubj,negative

incorrupt,strongsubj,positive

incred,strongsubj,positive

incredul,strongsubj,negative

increibl,strongsubj,negative

increibl,strongsubj,positive

incuestion,strongsubj,positive

inculcat,strongsubj,negative

incumpl,weaksubj,negative

incumpl,strongsubj,negative

indeb,strongsubj,negative

indebt,weaksubj,positive

indecency,strongsubj,negative

indecent,strongsubj,negative

indecision,strongsubj,negative

indecis,weaksubj,negative

indefatig,strongsubj,positive

indefens,strongsubj,negative

indefin,weaksubj,negative

indescrib,strongsubj,positive

indes,strongsubj,negative

indestruct,strongsubj,positive

indetermin,weaksubj,negative

indeterminat,weaksubj,negative

indiferent,strongsubj,negative

indigent,strongsubj,negative

indigent,weaksubj,negative

indign,strongsubj,negative

indigno d,strongsubj,negative

indiscern,weaksubj,negative

indiscrecion,strongsubj,negative

indiscret,strongsubj,negative

indiscrimin,strongsubj,negative

indiscut,strongsubj,positive

indiscut,weaksubj,positive

indispens,strongsubj,positive

indispon,weaksubj,negative

indispuest,strongsubj,negative

indisput,strongsubj,positive

indistint,weaksubj,negative

indistint,strongsubj,negative

individual,weaksubj,positive

indocument,weaksubj,negative

indolent,strongsubj,negative

indom,strongsubj,positive

indubit,strongsubj,positive

indud,strongsubj,positive

indulgent,strongsubj,positive

indulgent,weaksubj,positive

inefect,weaksubj,negative

ineficaci,strongsubj,negative

ineficaci,weaksubj,negative

ineficaz,strongsubj,negative

ineficaz,weaksubj,negative

ineficient,weaksubj,negative

inelig,weaksubj,negative

inelocuent,strongsubj,negative

inelud,strongsubj,negative

inept,strongsubj,negative

ineptitud,strongsubj,negative

inequ,strongsubj,negative

inequit,strongsubj,negative

inequivoc,strongsubj,positive

inerci,weaksubj,negative

inescap,strongsubj,negative

inescrupul,strongsubj,negative

inesencial,strongsubj,negative

inesper,strongsubj,negative

inesper,weaksubj,negative

inest,weaksubj,negative

inestim,strongsubj,positive

inevit,strongsubj,negative

inevit,weaksubj,negative

inexact,weaksubj,negative

inexcus,strongsubj,negative

inexistent,weaksubj,negative

inexor,strongsubj,negative

inexperient,weaksubj,negative

inexpert,weaksubj,negative

inexpert,weaksubj,positive

inexpi,strongsubj,negative

inexplic,strongsubj,negative

inexplic,weaksubj,negative

inextric,strongsubj,negative

infalibil,strongsubj,positive

infal,strongsubj,positive

infam,strongsubj,negative

infami,strongsubj,negative

infect,weaksubj,negative

infel,strongsubj,negative

infeliz,strongsubj,negative

inferior,strongsubj,negative

infernal,strongsubj,negative

infest,weaksubj,negative

infiel,strongsubj,negative

infiltr,weaksubj,negative

inflacion,weaksubj,negative

inflad,weaksubj,negative

inflam,strongsubj,negative

inflamatori,strongsubj,negative

inflex,strongsubj,negative

inflig,strongsubj,negative

influenci,strongsubj,positive

influyent,weaksubj,positive

inform,strongsubj,positive

inform,weaksubj,positive

infortuni,strongsubj,negative

infraccion,weaksubj,negative

infractor,strongsubj,negative

infriccion,strongsubj,negative

infring,strongsubj,negative

infructu,strongsubj,negative

infructu,weaksubj,negative

infund,strongsubj,negative

ingeni,strongsubj,positive

ingenu,strongsubj,negative

ingobern,strongsubj,negative

ingratitud,strongsubj,negative

ingrat,strongsubj,negative

inhabilit,weaksubj,negative

inhibicion,weaksubj,negative

inhib,weaksubj,negative

inhospital,strongsubj,negative

inhospit,strongsubj,negative

inhuman,strongsubj,negative

inicu,strongsubj,negative

inimagin,strongsubj,negative

iniqu,strongsubj,negative

injert,weaksubj,negative

injuri,strongsubj,negative

injust,strongsubj,negative

injustici,strongsubj,negative

injustific,strongsubj,negative

injustific,weaksubj,negative

inmacul,strongsubj,positive

inmovil,weaksubj,negative

inmund,strongsubj,negative

innecesari,weaksubj,negative

innov,weaksubj,positive

inocent,weaksubj,positive

inocu,strongsubj,positive

inofens,strongsubj,positive

inolvid,strongsubj,positive

inombr,strongsubj,negative

inoper,weaksubj,negative

inoportun,strongsubj,negative

inoxid,weaksubj,positive

inquiet,strongsubj,negative

inquietud,strongsubj,negative

inquietud,weaksubj,negative

inquisit,strongsubj,positive

insaci,strongsubj,negative

insalubr,weaksubj,negative

insan,strongsubj,negative

insatisfaccion,strongsubj,negative

insatisfactori,weaksubj,negative

insatisfech,strongsubj,negative

insegur,strongsubj,negative

insegur,weaksubj,negative

insensat,strongsubj,negative

insensibil,strongsubj,negative

insens,strongsubj,negative

insignif,weaksubj,negative

insignif,strongsubj,negative

insignific,weaksubj,negative

insincer,strongsubj,negative

insinu,strongsubj,negative

insinu,strongsubj,positive

insistent,weaksubj,positive

insistent,strongsubj,positive

insist,strongsubj,positive

insoci,strongsubj,negative

insolent,strongsubj,negative

insolvent,weaksubj,negative

insond,strongsubj,negative

insoport,strongsubj,negative

insopot,strongsubj,negative

insosten,strongsubj,negative

insosten,weaksubj,negative

inspir,strongsubj,positive

instar,strongsubj,positive

instig,strongsubj,negative

instruct,weaksubj,positive

instrumental,weaksubj,positive

insubordin,weaksubj,negative

insubstancial,strongsubj,negative

insuficient,weaksubj,negative

insufr,strongsubj,negative

insul,weaksubj,negative

insult,strongsubj,negative

insuper,weaksubj,negative

insurreccion,weaksubj,negative

insustancial,strongsubj,negative

intact,weaksubj,positive

integral,weaksubj,positive

integr,strongsubj,positive

inteligent,weaksubj,positive

inteligent,strongsubj,positive

intelig,strongsubj,positive

intencion,strongsubj,positive

interact,strongsubj,positive

interced,weaksubj,positive

inter,strongsubj,positive

interes,weaksubj,positive

interes,strongsubj,positive

interferent,weaksubj,negative

interfer,weaksubj,negative

intermitent,weaksubj,negative

interrump,weaksubj,negative

interrupcion,weaksubj,negative

intimid,weaksubj,negative

intim,strongsubj,positive

intimid,strongsubj,negative

intim,weaksubj,positive

intoler,strongsubj,negative

intoxic,weaksubj,negative

intranquil,strongsubj,negative

intransigent,strongsubj,negative

intrat,weaksubj,negative

intrepidez,strongsubj,positive

intrep,strongsubj,positive

intrig,strongsubj,positive

intrig,strongsubj,negative

intrinc,weaksubj,positive

intrusion,weaksubj,negative

intrus,strongsubj,negative

intuit,strongsubj,positive

inund,strongsubj,negative

inusual,weaksubj,negative

inutil,strongsubj,negative

invad,weaksubj,negative

invalid,strongsubj,negative

invalidez,strongsubj,negative

inval,strongsubj,negative

invalu,strongsubj,positive

invasion,weaksubj,negative

invasor,weaksubj,negative

invect,strongsubj,negative

invencibil,strongsubj,positive

invenc,strongsubj,positive

invent,strongsubj,positive

invent,weaksubj,positive

inviol,strongsubj,positive

involuntari,weaksubj,negative

invulner,strongsubj,positive

ira,strongsubj,negative

iron,strongsubj,negative

irracional,strongsubj,negative

irrazon,strongsubj,negative

irreconcili,strongsubj,negative

irredim,strongsubj,negative

irreflexion,strongsubj,negative

irreflex,strongsubj,negative

irreform,strongsubj,negative

irrefut,strongsubj,positive

irregul,weaksubj,negative

irregular,weaksubj,negative

irrelev,strongsubj,negative

irrepar,strongsubj,negative

irrepar,weaksubj,negative

irreplac,strongsubj,negative

irreprim,strongsubj,negative

irreproch,strongsubj,positive

irresist,strongsubj,positive

irresolubl,weaksubj,negative

irresolut,strongsubj,negative

irrespet,strongsubj,negative

irrespetu,strongsubj,negative

irrespons,strongsubj,negative

irrestrict,weaksubj,positive

irreverent,strongsubj,negative

irrevers,strongsubj,negative

irrit,strongsubj,negative

jactanci,strongsubj,negative

jactanci,strongsubj,positive

jad,strongsubj,negative

jiron,weaksubj,negative

jovial,strongsubj,positive

jubil,strongsubj,positive

jueg,weaksubj,negative

juguet,strongsubj,negative

jugueton,strongsubj,positive

juicio errone,strongsubj,negative

juicios,strongsubj,positive

jur,strongsubj,positive

jur,strongsubj,negative

justici,strongsubj,positive

justific,strongsubj,positive

justif,strongsubj,positive

just,strongsubj,positive

juvenil,weaksubj,negative

labori,strongsubj,positive

lacay,strongsubj,negative

ladron,strongsubj,negative

lagun,strongsubj,negative

lament,strongsubj,negative

lastim,strongsubj,negative

latent,strongsubj,negative

latig,strongsubj,negative

leal,weaksubj,positive

lealt,strongsubj,positive

legal,weaksubj,positive

legendari,weaksubj,positive

legitim,weaksubj,positive

lent,strongsubj,negative

lesion,weaksubj,negative

letal,weaksubj,negative

letarg,weaksubj,negative

levant,weaksubj,negative

lev,weaksubj,negative

liber,weaksubj,positive

liberal,weaksubj,positive

liber,strongsubj,positive

libert,strongsubj,positive

libertad,strongsubj,positive

libertinaj,strongsubj,negative

libertin,strongsubj,negative

libidin,strongsubj,negative

lid,weaksubj,positive

liger,weaksubj,positive

limit,weaksubj,negative

lim,strongsubj,negative

limpi,weaksubj,positive

limpiez,weaksubj,positive

lind,strongsubj,positive

lind,weaksubj,positive

liric,strongsubj,positive

lisi,strongsubj,negative

list,strongsubj,positive

liter,weaksubj,negative

litigi,strongsubj,negative

liv,strongsubj,negative

llamat,strongsubj,positive

llanur,weaksubj,positive

llen,strongsubj,positive

llor,strongsubj,negative

loabl,strongsubj,positive

loc,strongsubj,negative

locuaz,strongsubj,negative

locur,strongsubj,negative

logic,weaksubj,positive

logr,strongsubj,positive

logr,weaksubj,positive

luch,strongsubj,negative

luchador,strongsubj,positive

luch,weaksubj,negative

lucid,strongsubj,positive

luc,strongsubj,positive

lucrat,weaksubj,positive

lug,weaksubj,negative

lugubr,strongsubj,negative

luj,strongsubj,positive

lujos,strongsubj,positive

lumbr,weaksubj,positive

lumin,weaksubj,positive

lunatic,strongsubj,negative

lunat,strongsubj,negative

lustr,strongsubj,negative

lustr,strongsubj,positive

lustros,strongsubj,positive

macabr,strongsubj,negative

machist,strongsubj,negative

madur,weaksubj,positive

madurez,weaksubj,positive

maestr,strongsubj,positive

magi,strongsubj,positive

magic,strongsubj,positive

magistral,strongsubj,positive

magnanim,strongsubj,positive

magnet,weaksubj,positive

magnif,strongsubj,positive

magnificent,strongsubj,positive

magr,weaksubj,positive

majest,strongsubj,positive

majestu,strongsubj,positive

majestu,weaksubj,positive

maj,strongsubj,positive

mal,strongsubj,negative

malisim,strongsubj,negative

malcontent,strongsubj,negative

mald,strongsubj,negative

maldicion,strongsubj,negative

maldit,strongsubj,negative

malentend,strongsubj,negative

malest,strongsubj,negative

malevolent,strongsubj,negative

malevol,strongsubj,negative

malhechor,strongsubj,negative

malhumor,strongsubj,negative

malici,strongsubj,negative

malign,strongsubj,negative

malolient,strongsubj,negative

maltrat,weaksubj,negative

malv,strongsubj,negative

manch,strongsubj,negative

manch,weaksubj,negative

mandat,weaksubj,negative

manej,strongsubj,positive

manej,weaksubj,positive

man,strongsubj,negative

maniac,strongsubj,negative

manifiest,strongsubj,positive

maniobr,weaksubj,negative

manipul,weaksubj,negative

manipul,strongsubj,negative

maniqu,strongsubj,negative

manos,weaksubj,negative

mans,strongsubj,positive

maravill,strongsubj,positive

martiri,strongsubj,negative

masacr,strongsubj,negative

masacr,weaksubj,negative

matanz,strongsubj,negative

mat,weaksubj,negative

maton,strongsubj,negative

mayor,strongsubj,positive

mejor,weaksubj,positive

mejor de lo esper,strongsubj,positive

mejor,strongsubj,positive

melancol,strongsubj,negative

melodramat,strongsubj,negative

memor,strongsubj,positive

memor,weaksubj,positive

menospreci,strongsubj,negative

ment,weaksubj,negative

ment,strongsubj,negative

mentir,strongsubj,negative

mentir,weaksubj,negative

mentor,weaksubj,positive

mer,strongsubj,negative

merecedor,strongsubj,positive

merec,strongsubj,positive

merecid,strongsubj,positive

merit,strongsubj,positive

meritori,strongsubj,positive

mermel,weaksubj,negative

meticul,weaksubj,positive

mezquind,strongsubj,negative

mezquin,strongsubj,negative

mied,strongsubj,negative

miedos,strongsubj,negative

milagr,strongsubj,positive

milit,strongsubj,negative

mim,weaksubj,positive

min,strongsubj,negative

ministr,weaksubj,positive

minuci,weaksubj,positive

miop,strongsubj,negative

mir,weaksubj,positive

miser,strongsubj,negative

miseri,strongsubj,negative

misericordi,strongsubj,positive

misteri,strongsubj,negative

mistific,weaksubj,negative

mitin,strongsubj,positive

mit,strongsubj,negative

mocos,strongsubj,negative

moder,strongsubj,positive

modern,weaksubj,positive

modesti,weaksubj,positive

modest,weaksubj,positive

mof,strongsubj,negative

mohos,strongsubj,negative

mojigat,strongsubj,negative

molest,strongsubj,negative

molesti,strongsubj,negative

molest,weaksubj,negative

mon,strongsubj,negative

monoton,strongsubj,negative

monstru,strongsubj,negative

monstruos,strongsubj,negative

monumental,strongsubj,positive

moral,strongsubj,positive

moraliz,strongsubj,positive

morb,strongsubj,negative

mordaz,strongsubj,negative

moribund,strongsubj,negative

moribund,weaksubj,negative

mortal,weaksubj,negative

mortif,strongsubj,negative

mortific,strongsubj,negative

motiv,strongsubj,positive

mounstru,strongsubj,negative

muert,weaksubj,negative

mugr,strongsubj,negative

mugrient,strongsubj,negative

mult,weaksubj,negative

multipolariz,strongsubj,negative

mundan,strongsubj,negative

murmur,strongsubj,negative

antigu,strongsubj,negative

nad,strongsubj,negative

natural,weaksubj,positive

neced,strongsubj,negative

necesari,weaksubj,positive

necesit,strongsubj,negative

necesit,weaksubj,negative

neci,strongsubj,negative

negacion,strongsubj,negative

negacion,weaksubj,negative

neg,strongsubj,negative

neg,weaksubj,negative

negat,weaksubj,negative

negligent,strongsubj,negative

nervi,weaksubj,negative

nervi,strongsubj,negative

nervios,strongsubj,negative

neumat,weaksubj,negative

neurot,strongsubj,negative

neutraliz,weaksubj,positive

never,strongsubj,negative

ni�,strongsubj,positive

no,strongsubj,negative

nobl,strongsubj,positive

normal,weaksubj,positive

notabl,strongsubj,positive

notabl,weaksubj,positive

notori,strongsubj,negative

obedec,strongsubj,positive

obedient,strongsubj,positive

obertur,strongsubj,positive

obes,strongsubj,negative

objecion,strongsubj,negative

objet,strongsubj,negative

objet,weaksubj,positive

oblicu,weaksubj,negative

oblig,strongsubj,positive

oblig,strongsubj,negative

obligatori,weaksubj,negative

obliter,strongsubj,negative

obscen,strongsubj,negative

obsen,strongsubj,negative

obsesion,strongsubj,negative

obses,strongsubj,negative

obsolet,weaksubj,negative

obstacul,strongsubj,negative

obstin,strongsubj,negative

obstruccion,weaksubj,negative

obstru,weaksubj,negative

obtus,strongsubj,negative

obvi,strongsubj,negative

obvi,strongsubj,positive

ocasion,strongsubj,negative

ocup,weaksubj,negative

odi,strongsubj,negative

odios,strongsubj,negative

ofend,strongsubj,negative

ofens,weaksubj,negative

ofens,strongsubj,negative

ofici,strongsubj,negative

ole,strongsubj,positive

oliend,weaksubj,negative

olvid,strongsubj,negative

olvidadis,strongsubj,negative

olvid,strongsubj,positive

omin,strongsubj,negative

omision,weaksubj,negative

omit,weaksubj,negative

oner,strongsubj,negative

opin,weaksubj,positive

opinion,strongsubj,positive

oportun,strongsubj,positive

oportun,weaksubj,negative

oportun,weaksubj,positive

oposicion,strongsubj,negative

opresion,strongsubj,negative

opres,strongsubj,negative

opresor,strongsubj,negative

oprim,strongsubj,negative

optim,strongsubj,positive

optim,weaksubj,positive

opulent,weaksubj,positive

opulent,strongsubj,positive

ordal,strongsubj,negative

orden,strongsubj,positive

orden,weaksubj,positive

orden,strongsubj,negative

organizacion,strongsubj,positive

orgull,strongsubj,positive

orgull,strongsubj,negative

oro,weaksubj,positive

ostig,strongsubj,negative

pen,strongsubj,negative

pensat,strongsubj,positive

peor,strongsubj,negative

percanc,strongsubj,negative

perdedor,weaksubj,negative

perd,weaksubj,negative

perez,strongsubj,negative

perfeccion,strongsubj,positive

perfeccion,weaksubj,negative

perfect,strongsubj,positive

perjud,strongsubj,negative

perjudicial,weaksubj,negative

perplej,strongsubj,negative

perr,strongsubj,negative

persever,strongsubj,positive

persistent,strongsubj,negative

perspicaz,strongsubj,positive

persuad,strongsubj,positive

persuas,strongsubj,positive

pertinent,weaksubj,positive

perturb,strongsubj,negative

pervers,strongsubj,negative

perversion,strongsubj,negative

pervert,strongsubj,negative

pes,strongsubj,negative

pesad,strongsubj,negative

pesadill,strongsubj,negative

pierd,strongsubj,negative

plane,strongsubj,positive

posit,weaksubj,positive

potencial,weaksubj,positive

preferent,strongsubj,negative

presum,strongsubj,negative

problemat,strongsubj,negative

prudenci,weaksubj,positive

prudent,strongsubj,positive

puntual,weaksubj,positive

quej,strongsubj,negative

rebeld,strongsubj,negative

rechin,strongsubj,negative

reclam,weaksubj,positive

recomend,strongsubj,positive

recom,strongsubj,positive

recompens,weaksubj,positive

reconoc,weaksubj,positive

reforz,weaksubj,positive

reforz,strongsubj,positive

refuerz,strongsubj,positive

refut,strongsubj,positive

rega�,strongsubj,negative

regocij,weaksubj,positive

relaj,weaksubj,positive

relaj,strongsubj,negative

remuner,strongsubj,positive

rencor,strongsubj,negative

renieg,weaksubj,negative

renombr,strongsubj,positive

renov,weaksubj,positive

renov,strongsubj,negative

represali,strongsubj,negative

represal,strongsubj,negative

reproch,strongsubj,negative

repudi,strongsubj,negative

repugn,strongsubj,negative

repugn,weaksubj,negative

repulsion,weaksubj,negative

repuls,weaksubj,negative

resent,strongsubj,negative

respet,strongsubj,positive

respetu,strongsubj,positive

resplandec,strongsubj,positive

respons,strongsubj,negative

respons,strongsubj,positive

resuelv,strongsubj,positive

retorc,strongsubj,negative

retract,strongsubj,negative

retras,weaksubj,negative

retroaliment,strongsubj,positive

revolt,strongsubj,negative

ridiculiz,strongsubj,negative

ridicul,strongsubj,negative

rig,weaksubj,negative

roer,weaksubj,negative

rumor,strongsubj,negative

sabi,strongsubj,positive

sabidur,strongsubj,positive

sarcasm,strongsubj,negative

sarcast,strongsubj,negative

satisfech,strongsubj,positive

seduc,strongsubj,negative

seductor,strongsubj,positive

segur,strongsubj,positive

select,weaksubj,positive

sencill,weaksubj,positive

sencillez,strongsubj,positive

sensat,strongsubj,positive

sensibil,weaksubj,positive

sensibl,weaksubj,positive

sentimental,strongsubj,negative

sepulcr,strongsubj,negative

sepulcr,weaksubj,negative

seri,strongsubj,negative

seried,weaksubj,negative

seri,strongsubj,positive

sermon,strongsubj,negative

si,strongsubj,positive

signific,strongsubj,positive

simpat,strongsubj,negative

siniestr,strongsubj,negative

sobrenatural,strongsubj,positive

sobresalient,strongsubj,positive

sociabl,strongsubj,positive

sofistic,strongsubj,positive

sofoc,strongsubj,negative

solemn,weaksubj,negative

solidari,strongsubj,positive

sombri,strongsubj,negative

sonreir,strongsubj,positive

sonr,strongsubj,positive

sonrient,strongsubj,positive

soport,strongsubj,positive

sorprendent,strongsubj,positive

suav,weaksubj,negative

subestim,strongsubj,positive

subestim,strongsubj,negative

sublim,strongsubj,positive

sucied,weaksubj,negative

suci,weaksubj,negative

sue�,weaksubj,negative

suert,strongsubj,positive

suficient,weaksubj,positive

suic,weaksubj,negative

suicidi,weaksubj,negative

sup,strongsubj,positive

superficial,strongsubj,negative

superflu,strongsubj,negative

superior,strongsubj,positive

suplic,weaksubj,negative

suprem,strongsubj,positive

suscept,weaksubj,negative

suspicaz,strongsubj,negative

sutil,weaksubj,positive

sutilez,strongsubj,negative

tact,strongsubj,positive

talent,strongsubj,positive

tard,strongsubj,negative

tartamude,strongsubj,negative

tedios,strongsubj,negative

tedi,strongsubj,negative

temerari,strongsubj,negative

temer,strongsubj,negative

temibl,strongsubj,negative

temor,strongsubj,negative

temperamental,strongsubj,negative

templ,weaksubj,positive

templanz,weaksubj,positive

tenac,strongsubj,positive

tenaz,strongsubj,positive

tension,weaksubj,negative

tens,weaksubj,negative

terc,strongsubj,negative

ternur,strongsubj,positive

terribl,strongsubj,negative

terribl,strongsubj,positive

terror,strongsubj,negative

terrorif,strongsubj,negative

terror,weaksubj,negative

tesor,strongsubj,positive

testarud,strongsubj,negative

tetric,strongsubj,negative

tibi,strongsubj,negative

tiburon,strongsubj,negative

tiern,weaksubj,positive

timador,weaksubj,negative

timid,strongsubj,negative

timidez,strongsubj,negative

tim,strongsubj,negative

tiniebl,strongsubj,negative

tiran,strongsubj,negative

toler,strongsubj,positive

toler,weaksubj,positive

tont,strongsubj,negative

torment,strongsubj,negative

torment,weaksubj,negative

torp,strongsubj,negative

tortur,weaksubj,negative

tosc,strongsubj,negative

toxic,weaksubj,negative

trabaj,weaksubj,positive

tragedi,weaksubj,negative

tragic,strongsubj,negative

traicion,strongsubj,negative

traicioner,weaksubj,negative

traidor,strongsubj,negative

tramp,weaksubj,negative

trampos,strongsubj,negative

tranc,strongsubj,positive

tranquil,strongsubj,positive

tranquiliz,strongsubj,positive

transgresor,strongsubj,negative

transmit,strongsubj,positive

trastorn,strongsubj,negative

trastorn,weaksubj,negative

trat,weaksubj,positive

traum,strongsubj,negative

traumat,strongsubj,negative

traumatiz,strongsubj,negative

travies,strongsubj,negative

tremend,strongsubj,positive

trist,strongsubj,negative

tristement,strongsubj,negative

tristement,weaksubj,negative

tristez,strongsubj,negative

triunfal,strongsubj,positive

triunfant,strongsubj,positive

triunf,strongsubj,positive

turbi,weaksubj,negative

ultimatum,strongsubj,negative

ultim,strongsubj,positive

unic,weaksubj,positive

uniform,weaksubj,positive

union,strongsubj,positive

urgenci,strongsubj,negative

urgent,weaksubj,negative

util,strongsubj,positive

util,weaksubj,positive

vagabund,strongsubj,negative

vag,weaksubj,negative

valent,strongsubj,positive

valient,strongsubj,positive

valios,weaksubj,positive

valor,strongsubj,positive

valor,weaksubj,positive

vanguardi,strongsubj,positive

vanid,weaksubj,negative

venen,strongsubj,negative

venen,weaksubj,negative

vener,strongsubj,positive

vener,weaksubj,positive

venganz,strongsubj,negative

veng,strongsubj,negative

vengat,strongsubj,negative

vengat,weaksubj,negative

ventaj,weaksubj,positive

ventaj,strongsubj,positive

ventur,weaksubj,positive

veraz,strongsubj,positive

verd,strongsubj,positive

verdader,strongsubj,positive

vergonz,strongsubj,negative

verg�enz,strongsubj,negative

versatil,strongsubj,negative

versatil,weaksubj,positive

viabil,weaksubj,positive

viabl,weaksubj,positive

vibor,weaksubj,negative

vici,strongsubj,negative

vicios,strongsubj,negative

victim,weaksubj,negative

victori,weaksubj,positive

vigor,weaksubj,positive

vil,strongsubj,negative

virtud,strongsubj,positive

vivaz,strongsubj,positive

volatil,weaksubj,negative

voluntari,weaksubj,positive

vulg,weaksubj,negative

vulner,strongsubj,positive

zoquet,strongsubj,negative

no as,strongsubj,negative

sab,strongsubj,positive

primeriz,strongsubj,negative

demostr,weaksubj,negative

peg,strongsubj,negative
